{"cameraMode":{"drawMode":0,"name":"Shaded","section":"Shading Mode"},"sceneLighting":true,"audioPlay":false,"sceneViewState":{"m_AlwaysRefresh":false,"showFog":true,"showSkybox":true,"showFlares":true,"showImageEffects":true,"showParticleSystems":true,"showVisualEffectGraphs":true,"m_FxEnabled":true},"in2DMode":false,"pivot":{"x":3772.636962890625,"y":407.76116943359377,"z":431.6932678222656},"rotation":{"x":-0.11852901428937912,"y":0.006549612153321505,"z":-0.0007848645909689367,"w":-0.9929357767105103},"size":283.7864990234375,"orthographic":false}